;LOC;Fish.sp;COD;N.IND;Cod.ind;Grupo.parasito;Gen.parasito;Eppt.parasito;Species;ABD;LAT;LONG
1;4;Bairdiella.ronchus;G;180;G180;Acanthocephala;Acanthochepala;sp3;Acanthochepala.sp3;7;-25.61238889;-48.49030556
2;4;Bairdiella.ronchus;G;181;G181;Acanthocephala;Acanthochepala;sp3;Acanthochepala.sp3;6;-25.61238889;-48.49030556
3;4;Bairdiella.ronchus;G;182;G182;Acanthocephala;Acanthochepala;sp3;Acanthochepala.sp3;1;-25.61238889;-48.49030556
4;4;Bairdiella.ronchus;G;184;G184;Acanthocephala;Acanthochepala;sp3;Acanthochepala.sp3;1;-25.61238889;-48.49030556
5;4;Centropomus.parallelus;I;1;I1;Digenea;Acanthocollaritrema;umbilicatum;Acanthocollaritrema.umbilicatum;2;-25.61238889;-48.49030556
261;4;Centropomus.parallelus;G;119;G119;Digenea;Acanthocollaritrema;umbilicatum;Acanthocollaritrema.umbilicatum;2;-25.61238889;-48.49030556
6;4;Rhamdia.quelen;I;19;I19;Digenea;Acanthostomum;gnerii;Acanthostomum.gnerii;1;-25.61238889;-48.49030556
7;2;Rhamdia.quelen;I;38;I38;Digenea;Acanthostomum;gnerii;Acanthostomum.gnerii;12;-25.6985;-48.52830556
8;3;Centropomus.parallelus;G;105;G105;Copepoda;Acusicola;sp;Acusicola.sp;4;-25.65230556;-48.50119444
9;3;Centropomus.parallelus;G;108;G108;Copepoda;Acusicola;sp;Acusicola.sp;2;-25.65230556;-48.50119444
10;4;Centropomus.parallelus;G;118;G118;Copepoda;Acusicola;sp;Acusicola.sp;11;-25.61238889;-48.49030556
11;4;Centropomus.parallelus;G;119;G119;Copepoda;Acusicola;sp;Acusicola.sp;54;-25.61238889;-48.49030556
12;4;Centropomus.parallelus;I;1;I1;Copepoda;Acusicola;sp;Acusicola.sp;25;-25.61238889;-48.49030556
13;4;Centropomus.parallelus;I;23;I23;Copepoda;Acusicola;sp;Acusicola.sp;10;-25.61238889;-48.49030556
14;4;Bairdiella.ronchus;G;184;G184;Copepoda;Acusicola;sp1;Acusicola.sp1;1;-25.61238889;-48.49030556
16;3;Centropomus.parallelus;G;105;G105;Monogenea;Anakohnia;brasiliana;Anakohnia.brasiliana;1;-25.65230556;-48.50119444
17;4;Centropomus.parallelus;I;22;I22;Monogenea;Anakohnia;brasiliana;Anakohnia.brasiliana;2;-25.61238889;-48.49030556
27;2;Rhamdia.quelen;G;2;G2;Monogenea;Aphanoblastella;mastigatus;Aphanoblastella.mastigatus;32;-25.6985;-48.52830556
28;2;Rhamdia.quelen;G;14;G14;Monogenea;Aphanoblastella;mastigatus;Aphanoblastella.mastigatus;393;-25.6985;-48.52830556
29;3;Rhamdia.quelen;G;63;G63;Monogenea;Aphanoblastella;mastigatus;Aphanoblastella.mastigatus;295;-25.65230556;-48.50119444
30;3;Rhamdia.quelen;G;64;G64;Monogenea;Aphanoblastella;mastigatus;Aphanoblastella.mastigatus;190;-25.65230556;-48.50119444
31;3;Rhamdia.quelen;G;66;G66;Monogenea;Aphanoblastella;mastigatus;Aphanoblastella.mastigatus;40;-25.65230556;-48.50119444
32;1;Rhamdia.quelen;G;92;G92;Monogenea;Aphanoblastella;mastigatus;Aphanoblastella.mastigatus;6;-25.75988889;-48.55169444
33;1;Rhamdia.quelen;G;95;G95;Monogenea;Aphanoblastella;mastigatus;Aphanoblastella.mastigatus;37;-25.75988889;-48.55169444
34;3;Rhamdia.quelen;G;96;G96;Monogenea;Aphanoblastella;mastigatus;Aphanoblastella.mastigatus;59;-25.65230556;-48.50119444
35;3;Rhamdia.quelen;G;99;G99;Monogenea;Aphanoblastella;mastigatus;Aphanoblastella.mastigatus;128;-25.65230556;-48.50119444
36;1;Rhamdia.quelen;G;126;G126;Monogenea;Aphanoblastella;mastigatus;Aphanoblastella.mastigatus;7;-25.75988889;-48.55169444
37;3;Oligosarcus.hepsetus;G;191;G191;Monogenea;Aphanoblastella;mastigatus;Aphanoblastella.mastigatus;1;-25.65230556;-48.50119444
38;3;Rhamdia.quelen;G;196;G196;Monogenea;Aphanoblastella;mastigatus;Aphanoblastella.mastigatus;1;-25.65230556;-48.50119444
39;2;Rhamdia.quelen;G;200;G200;Monogenea;Aphanoblastella;mastigatus;Aphanoblastella.mastigatus;313;-25.6985;-48.52830556
40;2;Rhamdia.quelen;G;201;G201;Monogenea;Aphanoblastella;mastigatus;Aphanoblastella.mastigatus;252;-25.6985;-48.52830556
41;1;Rhamdia.quelen;I;10;I10;Monogenea;Aphanoblastella;mastigatus;Aphanoblastella.mastigatus;8;-25.75988889;-48.55169444
42;4;Rhamdia.quelen;I;19;I19;Monogenea;Aphanoblastella;mastigatus;Aphanoblastella.mastigatus;17;-25.61238889;-48.49030556
43;2;Rhamdia.quelen;I;38;I38;Monogenea;Aphanoblastella;mastigatus;Aphanoblastella.mastigatus;6;-25.6985;-48.52830556
44;2;Rhamdia.quelen;I;38;I38;Monogenea;Aphanoblastella;mastigatus;Aphanoblastella.mastigatus;2;-25.6985;-48.52830556
45;1;Rhamdia.quelen;G;122;G122;Monogenea;Aphanoblastella;sp;Aphanoblastella.sp;5;-25.75988889;-48.55169444
46;4;Eugerres.brasilianus;G;34;G34;Monogenea;Aristocleidus;sp;Aristocleidus.sp;9;-25.61238889;-48.49030556
47;3;Bairdiella.ronchus;G;109;G109;Cestoda;Blastocyst;;Blastocyst;1;-25.6985;-48.52830556
48;3;Oligosarcus.hepsetus;G;191;G191;Monogenea;Characithecium;sp;Characithecium.sp;4;-25.65230556;-48.50119444
49;3;Oligosarcus.hepsetus;G;193;G193;Monogenea;Characithecium;sp;Characithecium.sp;6;-25.65230556;-48.50119444
50;1;Oligosarcus.hepsetus;G;222;G222;Monogenea;Characithecium;sp1;Characithecium.sp1;5;-25.75988889;-48.55169444
51;1;Oligosarcus.hepsetus;G;245;G245;Monogenea;Characithecium;sp1;Characithecium.sp1;4;-25.75988889;-48.55169444
52;1;Oligosarcus.hepsetus;G;246;G246;Monogenea;Characithecium;sp1;Characithecium.sp1;2;-25.75988889;-48.55169444
53;3;Oligosarcus.hepsetus;G;191;G191;Monogenea;Characithecium;longianchoratum;Characithecium.longianchoratum;21;-25.65230556;-48.50119444
54;3;Oligosarcus.hepsetus;G;193;G193;Monogenea;Characithecium;longianchoratum;Characithecium.longianchoratum;8;-25.65230556;-48.50119444
55;1;Oligosarcus.hepsetus;G;222;G222;Monogenea;Characithecium;longianchoratum;Characithecium.longianchoratum;7;-25.75988889;-48.55169444
56;1;Oligosarcus.hepsetus;G;223;G223;Monogenea;Characithecium;longianchoratum;Characithecium.longianchoratum;6;-25.75988889;-48.55169444
57;1;Oligosarcus.hepsetus;G;245;G245;Monogenea;Characithecium;longianchoratum;Characithecium.longianchoratum;7;-25.75988889;-48.55169444
58;1;Oligosarcus.hepsetus;G;246;G246;Monogenea;Characithecium;longianchoratum;Characithecium.longianchoratum;5;-25.75988889;-48.55169444
59;4;Genidens.genidens;G;25;G25;Monogenea;Chauhanellus;sp;Chauhanellus.sp;1;-25.61238889;-48.49030556
60;4;Genidens.genidens;G;27;G27;Monogenea;Chauhanellus;sp;Chauhanellus.sp;1;-25.61238889;-48.49030556
61;4;Genidens.genidens;G;30;G30;Monogenea;Chauhanellus;sp;Chauhanellus.sp;1;-25.61238889;-48.49030556
62;3;Genidens.barbus;G;79;G79;Monogenea;Chauhanellus;sp;Chauhanellus.sp;21;-25.65230556;-48.50119444
63;4;Genidens.genidens;G;158;G158;Monogenea;Chauhanellus;boegeri;Chauhanellus.boegeri;1;-25.61238889;-48.49030556
64;4;Genidens.genidens;G;30;G30;Monogenea;Chauhanellus;neotropicalis;Chauhanellus.neotropicalis;1;-25.61238889;-48.49030556
65;4;Genidens.genidens;G;31;G31;Monogenea;Chauhanellus;neotropicalis;Chauhanellus.neotropicalis;1;-25.61238889;-48.49030556
66;3;Genidens.barbus;G;79;G79;Monogenea;Chauhanellus;neotropicalis;Chauhanellus.neotropicalis;21;-25.65230556;-48.50119444
67;2;Hoplias.malabaricus;G;3;G3;Nematoda;Contracaecum;sp;Contracaecum.sp;2;-25.6985;-48.52830556
68;2;Hoplias.malabaricus;G;7;G7;Nematoda;Contracaecum;sp;Contracaecum.sp;4;-25.6985;-48.52830556
69;2;Hoplias.malabaricus;G;8;G8;Nematoda;Contracaecum;sp;Contracaecum.sp;2;-25.6985;-48.52830556
70;2;Hoplias.malabaricus;G;13;G13;Nematoda;Contracaecum;sp;Contracaecum.sp;3;-25.6985;-48.52830556
71;2;Gymnotus.carapo;G;15;G15;Nematoda;Contracaecum;sp;Contracaecum.sp;1;-25.6985;-48.52830556
72;4;Hoplias.malabaricus;G;17;G17;Nematoda;Contracaecum;sp;Contracaecum.sp;2;-25.61238889;-48.49030556
73;3;Hoplias.malabaricus;G;65;G65;Nematoda;Contracaecum;sp;Contracaecum.sp;6;-25.65230556;-48.50119444
74;3;Hoplias.malabaricus;G;73;G73;Nematoda;Contracaecum;sp;Contracaecum.sp;1;-25.65230556;-48.50119444
75;1;Hoplias.malabaricus;G;88;G88;Nematoda;Contracaecum;sp;Contracaecum.sp;3;-25.75988889;-48.55169444
76;1;Hoplias.malabaricus;G;90;G90;Nematoda;Contracaecum;sp;Contracaecum.sp;1;-25.75988889;-48.55169444
77;3;Hoplias.malabaricus;G;103;G103;Nematoda;Contracaecum;sp;Contracaecum.sp;1;-25.65230556;-48.50119444
78;3;Hoplias.malabaricus;G;106;G106;Nematoda;Contracaecum;sp;Contracaecum.sp;4;-25.65230556;-48.50119444
79;4;Geophagus.iporangensis;G;117;G117;Nematoda;Contracaecum;sp;Contracaecum.sp;1;-25.61238889;-48.49030556
80;4;Centropomus.parallelus;G;118;G118;Nematoda;Contracaecum;sp;Contracaecum.sp;1;-25.61238889;-48.49030556
81;4;Genidens.genidens;G;155;G155;Nematoda;Contracaecum;sp;Contracaecum.sp;1;-25.61238889;-48.49030556
82;4;Bairdiella.ronchus;G;180;G180;Nematoda;Contracaecum;sp;Contracaecum.sp;1;-25.61238889;-48.49030556
83;4;Bairdiella.ronchus;G;182;G182;Nematoda;Contracaecum;sp;Contracaecum.sp;1;-25.61238889;-48.49030556
84;2;Rhamdia.quelen;G;200;G200;Nematoda;Contracaecum;sp;Contracaecum.sp;1;-25.6985;-48.52830556
85;4;Centropomus.parallelus;I;1;I1;Nematoda;Contracaecum;sp;Contracaecum.sp;3;-25.61238889;-48.49030556
86;4;Centropomus.parallelus;I;20;I20;Nematoda;Contracaecum;sp;Contracaecum.sp;4;-25.61238889;-48.49030556
87;2;Hoplias.malabaricus;I;29;I29;Nematoda;Contracaecum;sp;Contracaecum.sp;1;-25.6985;-48.52830556
88;2;Hoplias.malabaricus;I;33;I33;Nematoda;Contracaecum;sp;Contracaecum.sp;1;-25.6985;-48.52830556
89;2;Hoplias.malabaricus;I;34;I34;Nematoda;Contracaecum;sp;Contracaecum.sp;2;-25.6985;-48.52830556
90;2;Rhamdia.quelen;I;38;I38;Nematoda;Contracaecum;sp;Contracaecum.sp;1;-25.6985;-48.52830556
91;2;Oligosarcus.hepsetus;I;50;I50;Nematoda;Contracaecum;sp;Contracaecum.sp;1;-25.6985;-48.52830556
92;4;Geophagus.iporangensis;G;116;G116;Digenea;Crassicutis;sp;Crassicutis.sp;16;-25.61238889;-48.49030556
93;4;Geophagus.iporangensis;G;117;G117;Digenea;Crassicutis;sp;Crassicutis.sp;1;-25.61238889;-48.49030556
94;4;Rhamdia.quelen;I;19;I19;Digenea;Cryptogonimidae;sp;Cryptogonimidae.sp;5;-25.61238889;-48.49030556
362;4;Centropomus.parallelus;I;1;I1;Digenea;Cryptogonimidae;sp1;Cryptogonimidae.sp1;1;-25.61238889;-48.49030556
95;4;Eugerres.brasilianus;G;34;G34;Nematoda;Cucullanus;sp1;Cucullanus.sp1;2;-25.61238889;-48.49030556
96;4;Mugil.curema;G;19;G19;Nematoda;Cucullanus;sp2;Cucullanus.sp2;3;-25.61238889;-48.49030556
97;2;Hoplias.malabaricus;G;7;G7;Nematoda;Cystidicoloides;izecksohni;Cystidicoloides.izecksohni;1;-25.6985;-48.52830556
98;3;Hoplias.malabaricus;G;78;G78;Nematoda;Cystidicoloides;izecksohni;Cystidicoloides.izecksohni;1;-25.65230556;-48.50119444
99;1;Hoplias.malabaricus;G;83;G83;Nematoda;Cystidicoloides;izecksohni;Cystidicoloides.izecksohni;2;-25.75988889;-48.55169444
100;1;Hoplias.malabaricus;G;86;G86;Nematoda;Cystidicoloides;izecksohni;Cystidicoloides.izecksohni;2;-25.75988889;-48.55169444
101;1;Hoplias.malabaricus;G;87;G87;Nematoda;Cystidicoloides;izecksohni;Cystidicoloides.izecksohni;2;-25.75988889;-48.55169444
102;1;Hoplias.malabaricus;G;88;G88;Nematoda;Cystidicoloides;izecksohni;Cystidicoloides.izecksohni;1;-25.75988889;-48.55169444
103;2;Geophagus.iporangensis;G;1;G1;Digenea;Digenea.gen.;;Digenea.gen.;10;-25.6985;-48.52830556
104;2;Geophagus.iporangensis;G;6;G6;Digenea;Digenea.gen.;;Digenea.gen.;10;-25.6985;-48.52830556
105;2;Geophagus.iporangensis;G;10;G10;Digenea;Digenea.gen.;;Digenea.gen.;10;-25.6985;-48.52830556
106;4;Geophagus.iporangensis;G;23;G23;Digenea;Digenea.gen.;;Digenea.gen.;10;-25.61238889;-48.49030556
107;3;Geophagus.iporangensis;G;59;G59;Digenea;Digenea.gen.;;Digenea.gen.;3;-25.65230556;-48.50119444
108;3;Geophagus.iporangensis;G;75;G75;Digenea;Digenea.gen.;;Digenea.gen.;10;-25.65230556;-48.50119444
109;3;Geophagus.iporangensis;G;76;G76;Digenea;Digenea.gen.;;Digenea.gen.;10;-25.65230556;-48.50119444
110;1;Geophagus.iporangensis;G;85;G85;Digenea;Digenea.gen.;;Digenea.gen.;10;-25.75988889;-48.55169444
111;3;Geophagus.iporangensis;G;97;G97;Digenea;Digenea.gen.;;Digenea.gen.;3;-25.65230556;-48.50119444
112;1;Geophagus.iporangensis;G;212;G212;Digenea;Digenea.gen.;;Digenea.gen.;2;-25.75988889;-48.55169444
113;1;Geophagus.iporangensis;G;212;G212;Digenea;Digenea.gen.;;Digenea.gen.;10;-25.75988889;-48.55169444
114;4;Cynoscion.acoupa;G;39;G39;Monogenea;Diplectanum;sp;Diplectanum.sp;4;-25.61238889;-48.49030556
115;2;Hoplias.malabaricus;G;8;G8;Digenea;Diplostomidae;;Diplostomidae;20;-25.6985;-48.52830556
116;4;Mugil.curema;G;22;G22;Digenea;Diplostomidae;;Diplostomidae;2;-25.61238889;-48.49030556
117;3;Hoplias.malabaricus;G;71;G71;Digenea;Diplostomidae;;Diplostomidae;1;-25.65230556;-48.50119444
118;1;Hoplias.malabaricus;G;80;G80;Digenea;Diplostomidae;;Diplostomidae;20;-25.75988889;-48.55169444
119;1;Hoplias.malabaricus;G;81;G81;Digenea;Diplostomidae;;Diplostomidae;20;-25.75988889;-48.55169444
120;1;Hoplias.malabaricus;G;82;G82;Digenea;Diplostomidae;;Diplostomidae;20;-25.75988889;-48.55169444
121;1;Hoplias.malabaricus;G;83;G83;Digenea;Diplostomidae;;Diplostomidae;20;-25.75988889;-48.55169444
122;1;Hoplias.malabaricus;G;84;G84;Digenea;Diplostomidae;;Diplostomidae;20;-25.75988889;-48.55169444
123;1;Hoplias.malabaricus;G;86;G86;Digenea;Diplostomidae;;Diplostomidae;20;-25.75988889;-48.55169444
124;1;Hoplias.malabaricus;G;88;G88;Digenea;Diplostomidae;;Diplostomidae;20;-25.75988889;-48.55169444
125;1;Hoplias.malabaricus;G;90;G90;Digenea;Diplostomidae;;Diplostomidae;5;-25.75988889;-48.55169444
126;1;Hoplias.malabaricus;G;91;G91;Digenea;Diplostomidae;;Diplostomidae;3;-25.75988889;-48.55169444
127;1;Hoplias.malabaricus;G;94;G94;Digenea;Diplostomidae;;Diplostomidae;20;-25.75988889;-48.55169444
128;3;Hoplias.malabaricus;G;101;G101;Digenea;Diplostomidae;;Diplostomidae;60;-25.65230556;-48.50119444
129;3;Hoplias.malabaricus;G;103;G103;Digenea;Diplostomidae;;Diplostomidae;45;-25.65230556;-48.50119444
130;3;Hoplias.malabaricus;G;104;G104;Digenea;Diplostomidae;;Diplostomidae;4;-25.65230556;-48.50119444
131;3;Bairdiella.ronchus;G;109;G109;Digenea;Diplostomidae;;Diplostomidae;1;-25.65230556;-48.50119444
132;4;Hoplias.malabaricus;I;3;I3;Digenea;Diplostomidae;;Diplostomidae;20;-25.61238889;-48.49030556
133;4;Hoplias.malabaricus;I;16;I16;Digenea;Diplostomidae;;Diplostomidae;20;-25.61238889;-48.49030556
134;4;Hoplias.malabaricus;I;17;I17;Digenea;Diplostomidae;;Diplostomidae;20;-25.61238889;-48.49030556
135;4;Hoplias.malabaricus;I;18;I18;Digenea;Diplostomidae;;Diplostomidae;20;-25.61238889;-48.49030556
136;2;Hoplias.malabaricus;I;29;I29;Digenea;Diplostomidae;;Diplostomidae;20;-25.6985;-48.52830556
137;2;Hoplias.malabaricus;I;31;I31;Digenea;Diplostomidae;;Diplostomidae;20;-25.6985;-48.52830556
138;2;Hoplias.malabaricus;I;32;I32;Digenea;Diplostomidae;;Diplostomidae;10;-25.6985;-48.52830556
139;2;Hoplias.malabaricus;I;33;I33;Digenea;Diplostomidae;;Diplostomidae;10;-25.6985;-48.52830556
140;2;Hoplias.malabaricus;I;34;I34;Digenea;Diplostomidae;;Diplostomidae;10;-25.6985;-48.52830556
141;2;Hoplias.malabaricus;I;35;I35;Digenea;Diplostomidae;;Diplostomidae;10;-25.6985;-48.52830556
142;2;Hoplias.malabaricus;I;36;I36;Digenea;Diplostomidae;;Diplostomidae;20;-25.6985;-48.52830556
143;2;Hoplias.malabaricus;I;37;I37;Digenea;Diplostomidae;;Diplostomidae;20;-25.6985;-48.52830556
144;2;Rhamdia.quelen;I;39;I39;Digenea;Diplostomidae;;Diplostomidae;6;-25.6985;-48.52830556
145;2;Geophagus.iporangensis;I;42;I42;Digenea;Diplostomidae;;Diplostomidae;3;-25.6985;-48.52830556
146;4;Genidens.genidens;G;28;G28;Acanthocephala;Polyacanthorhynchus;sp;Echinorhynchida.sp;1;-25.61238889;-48.49030556
147;4;Mugil.curema;G;19;G19;Copepoda;Ergasilus;atafonensis;Ergasilus.atafonensis;5;-25.61238889;-48.49030556
148;4;Mugil.curema;G;20;G20;Copepoda;Ergasilus;atafonensis;Ergasilus.atafonensis;10;-25.61238889;-48.49030556
149;4;Mugil.curema;G;22;G22;Copepoda;Ergasilus;atafonensis;Ergasilus.atafonensis;2;-25.61238889;-48.49030556
150;4;Mugil.curema;G;19;G19;Copepoda;Ergasilus;caraguatatubensis;Ergasilus.caraguatatubensis;2;-25.61238889;-48.49030556
151;4;Mugil.curema;G;20;G20;Copepoda;Ergasilus;caraguatatubensis;Ergasilus.caraguatatubensis;4;-25.61238889;-48.49030556
152;4;Genidens.genidens;G;25;G25;Copepoda;Ergasilus;jaraquensis;Ergasilus.jaraquensis;3;-25.61238889;-48.49030556
153;4;Genidens.genidens;G;29;G29;Copepoda;Ergasilus;jaraquensis;Ergasilus.jaraquensis;1;-25.61238889;-48.49030556
154;4;Genidens.genidens;G;30;G30;Copepoda;Ergasilus;jaraquensis;Ergasilus.jaraquensis;1;-25.61238889;-48.49030556
155;4;Genidens.genidens;G;31;G31;Copepoda;Ergasilus;jaraquensis;Ergasilus.jaraquensis;1;-25.61238889;-48.49030556
156;4;Genidens.genidens;G;32;G32;Copepoda;Ergasilus;jaraquensis;Ergasilus.jaraquensis;4;-25.61238889;-48.49030556
157;3;Genidens.barbus;G;79;G79;Copepoda;Ergasilus;jaraquensis;Ergasilus.jaraquensis;4;-25.65230556;-48.50119444
158;4;Geophagus.iporangensis;G;23;G23;Copepoda;Ergasilus;leporinidis;Ergasilus.leporinidis;19;-25.61238889;-48.49030556
159;4;Geophagus.iporangensis;G;24;G24;Copepoda;Ergasilus;leporinidis;Ergasilus.leporinidis;2;-25.61238889;-48.49030556
160;3;Geophagus.iporangensis;G;61;G61;Copepoda;Ergasilus;leporinidis;Ergasilus.leporinidis;2;-25.65230556;-48.50119444
161;2;Geophagus.iporangensis;G;4;G4;Copepoda;Ergasilus;sp;Ergasilus.sp;1;-25.6985;-48.52830556
162;2;Geophagus.iporangensis;G;5;G5;Copepoda;Ergasilus;sp;Ergasilus.sp;1;-25.6985;-48.52830556
163;2;Geophagus.iporangensis;G;6;G6;Copepoda;Ergasilus;sp;Ergasilus.sp;2;-25.6985;-48.52830556
164;2;Hoplias.malabaricus;G;7;G7;Copepoda;Ergasilus;sp;Ergasilus.sp;53;-25.6985;-48.52830556
165;2;Hoplias.malabaricus;G;8;G8;Copepoda;Ergasilus;sp;Ergasilus.sp;3;-25.6985;-48.52830556
166;2;Hoplias.malabaricus;G;13;G13;Copepoda;Ergasilus;sp;Ergasilus.sp;2;-25.6985;-48.52830556
167;2;Gymnotus.carapo;G;15;G15;Copepoda;Ergasilus;sp;Ergasilus.sp;100;-25.6985;-48.52830556
168;2;Hoplias.malabaricus;G;16;G16;Copepoda;Ergasilus;sp;Ergasilus.sp;8;-25.6985;-48.52830556
169;4;Geophagus.iporangensis;G;24;G24;Copepoda;Ergasilus;sp;Ergasilus.sp;18;-25.61238889;-48.49030556
170;3;Hoplias.malabaricus;G;60;G60;Copepoda;Ergasilus;sp;Ergasilus.sp;1;-25.65230556;-48.50119444
171;3;Hoplias.malabaricus;G;65;G65;Copepoda;Ergasilus;sp;Ergasilus.sp;2;-25.65230556;-48.50119444
172;3;Hoplias.malabaricus;G;67;G67;Copepoda;Ergasilus;sp;Ergasilus.sp;15;-25.65230556;-48.50119444
173;3;Geophagus.iporangensis;G;69;G69;Copepoda;Ergasilus;sp;Ergasilus.sp;2;-25.65230556;-48.50119444
174;3;Geophagus.iporangensis;G;70;G70;Copepoda;Ergasilus;sp;Ergasilus.sp;1;-25.65230556;-48.50119444
175;3;Hoplias.malabaricus;G;71;G71;Copepoda;Ergasilus;sp;Ergasilus.sp;14;-25.65230556;-48.50119444
176;3;Hoplias.malabaricus;G;72;G72;Copepoda;Ergasilus;sp;Ergasilus.sp;31;-25.65230556;-48.50119444
177;3;Hoplias.malabaricus;G;73;G73;Copepoda;Ergasilus;sp;Ergasilus.sp;54;-25.65230556;-48.50119444
178;3;Hoplias.malabaricus;G;74;G74;Copepoda;Ergasilus;sp;Ergasilus.sp;133;-25.65230556;-48.50119444
179;3;Hoplias.malabaricus;G;78;G78;Copepoda;Ergasilus;sp;Ergasilus.sp;1;-25.65230556;-48.50119444
180;1;Hoplias.malabaricus;G;80;G80;Copepoda;Ergasilus;sp;Ergasilus.sp;8;-25.75988889;-48.55169444
181;1;Hoplias.malabaricus;G;81;G81;Copepoda;Ergasilus;sp;Ergasilus.sp;2;-25.75988889;-48.55169444
182;1;Hoplias.malabaricus;G;82;G82;Copepoda;Ergasilus;sp;Ergasilus.sp;2;-25.75988889;-48.55169444
183;1;Hoplias.malabaricus;G;84;G84;Copepoda;Ergasilus;sp;Ergasilus.sp;6;-25.75988889;-48.55169444
184;3;Rhamdia.quelen;G;96;G96;Copepoda;Ergasilus;sp;Ergasilus.sp;21;-25.65230556;-48.50119444
185;3;Rhamdia.quelen;G;99;G99;Copepoda;Ergasilus;sp;Ergasilus.sp;2;-25.65230556;-48.50119444
186;3;Geophagus.iporangensis;G;100;G100;Copepoda;Ergasilus;sp;Ergasilus.sp;2;-25.65230556;-48.50119444
187;3;Hoplias.malabaricus;G;101;G101;Copepoda;Ergasilus;sp;Ergasilus.sp;6;-25.65230556;-48.50119444
188;3;Hoplias.malabaricus;G;102;G102;Copepoda;Ergasilus;sp;Ergasilus.sp;3;-25.65230556;-48.50119444
189;3;Hoplias.malabaricus;G;103;G103;Copepoda;Ergasilus;sp;Ergasilus.sp;3;-25.65230556;-48.50119444
190;3;Centropomus.parallelus;G;105;G105;Copepoda;Ergasilus;sp;Ergasilus.sp;9;-25.65230556;-48.50119444
191;3;Hoplias.malabaricus;G;106;G106;Copepoda;Ergasilus;sp;Ergasilus.sp;7;-25.65230556;-48.50119444
192;4;Hoplias.malabaricus;G;113;G113;Copepoda;Ergasilus;sp;Ergasilus.sp;11;-25.61238889;-48.49030556
193;4;Centropomus.parallelus;G;118;G118;Copepoda;Ergasilus;sp;Ergasilus.sp;3;-25.61238889;-48.49030556
194;4;Centropomus.parallelus;G;119;G119;Copepoda;Ergasilus;sp;Ergasilus.sp;6;-25.61238889;-48.49030556
195;4;Bairdiella.ronchus;G;184;G184;Copepoda;Ergasilus;sp;Ergasilus.sp;1;-25.61238889;-48.49030556
196;3;Rhamdia.quelen;G;196;G196;Copepoda;Ergasilus;sp;Ergasilus.sp;8;-25.65230556;-48.50119444
197;2;Rhamdia.quelen;G;200;G200;Copepoda;Ergasilus;sp;Ergasilus.sp;4;-25.6985;-48.52830556
198;2;Rhamdia.quelen;G;201;G201;Copepoda;Ergasilus;sp;Ergasilus.sp;6;-25.6985;-48.52830556
199;1;Rhamdia.quelen;G;211;G211;Copepoda;Ergasilus;sp;Ergasilus.sp;1;-25.75988889;-48.55169444
200;4;Hoplias.malabaricus;I;17;I17;Copepoda;Ergasilus;sp;Ergasilus.sp;1;-25.61238889;-48.49030556
201;4;Centropomus.parallelus;I;22;I22;Copepoda;Ergasilus;sp;Ergasilus.sp;1;-25.61238889;-48.49030556
202;4;Centropomus.parallelus;I;23;I23;Copepoda;Ergasilus;sp;Ergasilus.sp;2;-25.61238889;-48.49030556
203;4;Geophagus.iporangensis;I;24;I24;Copepoda;Ergasilus;sp;Ergasilus.sp;1;-25.61238889;-48.49030556
204;4;Geophagus.iporangensis;G;116;G116;Copepoda;Ergasilus;sp1;Ergasilus.sp1;2;-25.61238889;-48.49030556
205;4;Geophagus.iporangensis;G;117;G117;Copepoda;Ergasilus;sp1;Ergasilus.sp1;2;-25.61238889;-48.49030556
206;4;Geophagus.iporangensis;G;187;G187;Copepoda;Ergasilus;sp1;Ergasilus.sp1;17;-25.61238889;-48.49030556
207;4;Geophagus.iporangensis;G;188;G188;Copepoda;Ergasilus;sp1;Ergasilus.sp1;4;-25.61238889;-48.49030556
208;2;Rhamdia.quelen;G;2;G2;Copepoda;Ergasilus;thatcheri;Ergasilus.thatcheri;11;-25.6985;-48.52830556
209;2;Rhamdia.quelen;G;14;G14;Copepoda;Ergasilus;thatcheri;Ergasilus.thatcheri;7;-25.6985;-48.52830556
210;3;Rhamdia.quelen;G;63;G63;Copepoda;Ergasilus;thatcheri;Ergasilus.thatcheri;34;-25.65230556;-48.50119444
211;3;Rhamdia.quelen;G;64;G64;Copepoda;Ergasilus;thatcheri;Ergasilus.thatcheri;14;-25.65230556;-48.50119444
212;3;Rhamdia.quelen;G;66;G66;Copepoda;Ergasilus;thatcheri;Ergasilus.thatcheri;2;-25.65230556;-48.50119444
213;3;Rhamdia.quelen;G;68;G68;Copepoda;Ergasilus;thatcheri;Ergasilus.thatcheri;22;-25.65230556;-48.50119444
214;1;Rhamdia.quelen;G;92;G92;Copepoda;Ergasilus;thatcheri;Ergasilus.thatcheri;2;-25.75988889;-48.55169444
215;2;Hoplias.malabaricus;G;16;G16;Nematoda;Eustrongylides;sp;Eustrongylides.sp;1;-25.6985;-48.52830556
216;2;Hoplias.malabaricus;I;35;I35;Nematoda;Eustrongylides;sp;Eustrongylides.sp;1;-25.6985;-48.52830556
217;4;Geophagus.iporangensis;G;117;G117;Copepoda;Gauchergasilus;sp;Gauchergasilus.sp;2;-25.61238889;-48.49030556
218;1;Oligosarcus.hepsetus;G;245;G245;Nematoda;Heliconema;sp;Heliconema.sp;9;-25.75988889;-48.55169444
288;4;Mugil.curema;G;19;G19;Digenea;Hysterolecitha;sp;Hysterolecitha.sp;4;-25.61238889;-48.49030556
219;2;Gymnotus.carapo;G;15;G15;Nematoda;Hysterothylacium;sp;Hysterothylacium.sp;1;-25.6985;-48.52830556
220;3;Rhamdia.quelen;G;63;G63;Nematoda;Hysterothylacium;sp;Hysterothylacium.sp;1;-25.65230556;-48.50119444
221;3;Rhamdia.quelen;G;68;G68;Nematoda;Hysterothylacium;sp;Hysterothylacium.sp;1;-25.65230556;-48.50119444
222;1;Rhamdia.quelen;G;126;G126;Nematoda;Hysterothylacium;sp;Hysterothylacium.sp;1;-25.75988889;-48.55169444
223;3;Rhamdia.quelen;G;196;G196;Nematoda;Hysterothylacium;sp;Hysterothylacium.sp;1;-25.65230556;-48.50119444
224;4;Genidens.genidens;G;25;G25;Nematoda;Hysterothylacium;sp1;Hysterothylacium.sp1;3;-25.61238889;-48.49030556
225;4;Genidens.genidens;G;25;G25;Nematoda;Hysterothylacium;sp1;Hysterothylacium.sp1;1;-25.61238889;-48.49030556
226;4;Genidens.genidens;G;28;G28;Nematoda;Hysterothylacium;sp1;Hysterothylacium.sp1;1;-25.61238889;-48.49030556
227;4;Genidens.genidens;G;29;G29;Nematoda;Hysterothylacium;sp1;Hysterothylacium.sp1;1;-25.61238889;-48.49030556
228;4;Genidens.genidens;G;32;G32;Nematoda;Hysterothylacium;sp1;Hysterothylacium.sp1;1;-25.61238889;-48.49030556
229;4;Genidens.genidens;G;32;G32;Nematoda;Hysterothylacium;sp1;Hysterothylacium.sp1;3;-25.61238889;-48.49030556
230;4;Genidens.genidens;G;155;G155;Nematoda;Hysterothylacium;sp1;Hysterothylacium.sp1;1;-25.61238889;-48.49030556
231;4;Mugil.curema;G;20;G20;Monogenea;Ligophorus;sp;Ligophorus.sp;19;-25.61238889;-48.49030556
232;4;Mugil.curema;G;22;G22;Monogenea;Ligophorus;sp;Ligophorus.sp;6;-25.61238889;-48.49030556
233;2;Geophagus.iporangensis;G;9;G9;Digenea;Lobatostoma;sp;Lobatostoma.sp;1;-25.6985;-48.52830556
234;3;Geophagus.iporangensis;G;69;G69;Digenea;Lobatostoma;sp;Lobatostoma.sp;1;-25.65230556;-48.50119444
235;3;Geophagus.iporangensis;G;97;G97;Digenea;Lobatostoma;sp;Lobatostoma.sp;4;-25.65230556;-48.50119444
236;4;Centropomus.parallelus;I;1;I1;Monogenea;Microcotylidae;pos.larval;Microcotylidae.pos.larval;17;-25.61238889;-48.49030556
237;1;Oligosarcus.hepsetus;G;222;G222;Nematoda;Nematoda.gen;sp;Nematoda.gen.sp;1;-25.75988889;-48.55169444
238;1;Oligosarcus.hepsetus;G;223;G223;Nematoda;Nematoda.gen;sp;Nematoda.gen.sp;2;-25.75988889;-48.55169444
239;1;Rhamdia.quelen;G;122;G122;Nematoda;Nematoda.gen1;sp;Nematoda.gen1.sp;1;-25.75988889;-48.55169444
240;1;Rhamdia.quelen;G;126;G126;Nematoda;Nematoda.gen1;sp;Nematoda.gen1.sp;1;-25.75988889;-48.55169444
241;4;Rhamdia.quelen;I;19;I19;Nematoda;Nematoda.gen1;sp;Nematoda.gen1.sp;1;-25.61238889;-48.49030556
242;4;Eugerres.brasilianus;G;34;G34;Monogenea;Diplectanidae;sp;Diplectanidae.sp;61;-25.61238889;-48.49030556
243;4;Eugerres.brasilianus;G;35;G35;Monogenea;Diplectanidae;sp;Diplectanidae.sp;4;-25.61238889;-48.49030556
244;1;Geophagus.iporangensis;G;85;G85;Acanthocephala;Neoechinorhynchus;sp;Neoechinorhynchus.sp;5;-25.75988889;-48.55169444
245;1;Geophagus.iporangensis;G;120;G120;Acanthocephala;Neoechinorhynchus;sp;Neoechinorhynchus.sp;3;-25.75988889;-48.55169444
246;1;Geophagus.iporangensis;I;11;I11;Acanthocephala;Neoechinorhynchus;sp;Neoechinorhynchus.sp;1;-25.75988889;-48.55169444
247;1;Geophagus.iporangensis;I;12;I12;Acanthocephala;Neoechinorhynchus;sp;Neoechinorhynchus.sp;6;-25.75988889;-48.55169444
248;2;Geophagus.iporangensis;I;45;I45;Acanthocephala;Neoechinorhynchus;sp;Neoechinorhynchus.sp;9;-25.6985;-48.52830556
249;2;Geophagus.iporangensis;I;46;I46;Acanthocephala;Neoechinorhynchus;sp;Neoechinorhynchus.sp;11;-25.6985;-48.52830556
251;4;Hoplias.malabaricus;G;17;G17;Acanthocephala;Polyacanthorhynchus;sp;Polyacanthorhynchus.sp;1;-25.61238889;-48.49030556
252;4;Geophagus.iporangensis;G;24;G24;Acanthocephala;Polyacanthorhynchus;sp;Polyacanthorhynchus.sp;2;-25.61238889;-48.49030556
253;3;Hoplias.malabaricus;G;106;G106;Acanthocephala;Polyacanthorhynchus;sp;Polyacanthorhynchus.sp;8;-25.65230556;-48.50119444
254;4;Hoplias.malabaricus;G;113;G113;Acanthocephala;Polyacanthorhynchus;sp;Polyacanthorhynchus.sp;7;-25.61238889;-48.49030556
255;1;Geophagus.iporangensis;G;85;G85;Nematoda;Procamallanus;sp1;Procamallanus.sp1;1;-25.75988889;-48.55169444
256;1;Geophagus.iporangensis;G;212;G212;Nematoda;Procamallanus;sp1;Procamallanus.sp1;3;-25.75988889;-48.55169444
257;2;Geophagus.iporangensis;I;43;I43;Nematoda;Procamallanus;sp1;Procamallanus.sp1;1;-25.6985;-48.52830556
258;2;Geophagus.iporangensis;I;44;I44;Nematoda;Procamallanus;sp1;Procamallanus.sp1;2;-25.6985;-48.52830556
259;2;Geophagus.iporangensis;I;45;I45;Nematoda;Procamallanus;sp2;Procamallanus.sp2;1;-25.6985;-48.52830556
260;4;Genidens.genidens;G;28;G28;Digenea;Pseudoacanthostomum;floridense;Pseudoacanthostomum.floridense;12;-25.61238889;-48.49030556
15;4;Centropomus.parallelus;I;1;I1;Digenea;Pseudocryptogonemus.sp;sp;Pseudocryptogonemus.sp;10;-25.61238889;-48.49030556
262;4;Hoplias.malabaricus;G;17;G17;Nematoda;Pseudoterranova;sp;Pseudoterranova.sp;7;-25.61238889;-48.49030556
263;3;Hoplias.malabaricus;G;60;G60;Nematoda;Pseudoterranova;sp;Pseudoterranova.sp;1;-25.65230556;-48.50119444
264;3;Hoplias.malabaricus;G;71;G71;Nematoda;Pseudoterranova;sp;Pseudoterranova.sp;3;-25.65230556;-48.50119444
265;3;Hoplias.malabaricus;G;78;G78;Nematoda;Pseudoterranova;sp;Pseudoterranova.sp;3;-25.65230556;-48.50119444
266;3;Hoplias.malabaricus;G;104;G104;Nematoda;Pseudoterranova;sp;Pseudoterranova.sp;5;-25.65230556;-48.50119444
267;4;Hoplias.malabaricus;G;113;G113;Nematoda;Pseudoterranova;sp;Pseudoterranova.sp;1;-25.61238889;-48.49030556
268;4;Hoplias.malabaricus;I;3;I3;Nematoda;Pseudoterranova;sp;Pseudoterranova.sp;1;-25.61238889;-48.49030556
269;4;Hoplias.malabaricus;I;17;I17;Nematoda;Pseudoterranova;sp;Pseudoterranova.sp;4;-25.61238889;-48.49030556
270;2;Geophagus.iporangensis;G;6;G6;Nematoda;Rhabdochona;sp1;Rhabdochona.sp1;4;-25.6985;-48.52830556
271;3;Centropomus.parallelus;G;105;G105;Monogenea;Rhabdosynchus;sp;Rhabdosynchus.guanduensis;22;-25.65230556;-48.50119444
272;4;Centropomus.parallelus;G;118;G118;Monogenea;Rhabdosynchus;sp;Rhabdosynchus.guanduensis;15;-25.61238889;-48.49030556
273;4;Centropomus.parallelus;G;119;G119;Monogenea;Rhabdosynchus;sp;Rhabdosynchus.guanduensis;29;-25.61238889;-48.49030556
274;4;Centropomus.parallelus;I;1;I1;Monogenea;Rhabdosynchus;sp;Rhabdosynchus.guanduensis;18;-25.61238889;-48.49030556
275;4;Centropomus.parallelus;I;20;I20;Monogenea;Rhabdosynchus;sp;Rhabdosynchus.guanduensis;25;-25.61238889;-48.49030556
276;4;Centropomus.parallelus;I;22;I22;Monogenea;Rhabdosynchus;sp;Rhabdosynchus.guanduensis;2;-25.61238889;-48.49030556
277;4;Centropomus.parallelus;I;23;I23;Monogenea;Rhabdosynchus;sp;Rhabdosynchus.guanduensis;28;-25.61238889;-48.49030556
278;4;Bairdiella.ronchus;G;37;G37;Monogenea;Rhamnocercus;margaritae;Rhamnocercus.margaritae;62;-25.61238889;-48.49030556
279;4;Bairdiella.ronchus;G;114;G114;Monogenea;Rhamnocercus;margaritae;Rhamnocercus.margaritae;1;-25.61238889;-48.49030556
280;4;Bairdiella.ronchus;G;180;G180;Monogenea;Rhamnocercus;margaritae;Rhamnocercus.margaritae;7;-25.61238889;-48.49030556
281;4;Bairdiella.ronchus;G;181;G181;Monogenea;Rhamnocercus;margaritae;Rhamnocercus.margaritae;24;-25.61238889;-48.49030556
282;4;Bairdiella.ronchus;G;182;G182;Monogenea;Rhamnocercus;margaritae;Rhamnocercus.margaritae;7;-25.61238889;-48.49030556
283;4;Bairdiella.ronchus;I;4;I4;Monogenea;Rhamnocercus;margaritae;Rhamnocercus.margaritae;6;-25.61238889;-48.49030556
284;4;Bairdiella.ronchus;G;37;G37;Monogenea;Rhamnocercus;rhamnocercus;Rhamnocercus.rhamnocercus;19;-25.61238889;-48.49030556
285;4;Bairdiella.ronchus;G;180;G180;Monogenea;Rhamnocercus;rhamnocercus;Rhamnocercus.rhamnocercus;2;-25.61238889;-48.49030556
286;4;Bairdiella.ronchus;G;181;G181;Monogenea;Rhamnocercus;rhamnocercus;Rhamnocercus.rhamnocercus;2;-25.61238889;-48.49030556
287;4;Bairdiella.ronchus;I;4;I4;Monogenea;Rhamnocercus;rhamnocercus;Rhamnocercus.rhamnocercus;2;-25.61238889;-48.49030556
289;2;Geophagus.iporangensis;G;1;G1;Monogenea;Sciadicleithrum;frequens;Sciadicleithrum.frequens;10;-25.6985;-48.52830556
290;2;Geophagus.iporangensis;G;5;G5;Monogenea;Sciadicleithrum;frequens;Sciadicleithrum.frequens;8;-25.6985;-48.52830556
291;2;Geophagus.iporangensis;G;9;G9;Monogenea;Sciadicleithrum;frequens;Sciadicleithrum.frequens;1;-25.6985;-48.52830556
292;4;Geophagus.iporangensis;G;69;G69;Monogenea;Sciadicleithrum;frequens;Sciadicleithrum.frequens;8;-25.61238889;-48.49030556
293;3;Geophagus.iporangensis;G;75;G75;Monogenea;Sciadicleithrum;frequens;Sciadicleithrum.frequens;1;-25.65230556;-48.50119444
294;1;Geophagus.iporangensis;G;85;G85;Monogenea;Sciadicleithrum;frequens;Sciadicleithrum.frequens;1;-25.75988889;-48.55169444
295;1;Geophagus.iporangensis;G;93;G93;Monogenea;Sciadicleithrum;frequens;Sciadicleithrum.frequens;2;-25.75988889;-48.55169444
296;3;Geophagus.iporangensis;G;97;G97;Monogenea;Sciadicleithrum;frequens;Sciadicleithrum.frequens;9;-25.65230556;-48.50119444
297;3;Geophagus.iporangensis;G;100;G100;Monogenea;Sciadicleithrum;frequens;Sciadicleithrum.frequens;7;-25.65230556;-48.50119444
298;1;Geophagus.iporangensis;G;120;G120;Monogenea;Sciadicleithrum;frequens;Sciadicleithrum.frequens;24;-25.75988889;-48.55169444
299;1;Geophagus.iporangensis;G;123;G123;Monogenea;Sciadicleithrum;frequens;Sciadicleithrum.frequens;39;-25.75988889;-48.55169444
300;1;Geophagus.iporangensis;G;212;G212;Monogenea;Sciadicleithrum;frequens;Sciadicleithrum.frequens;4;-25.75988889;-48.55169444
301;1;Geophagus.iporangensis;G;212;G212;Monogenea;Sciadicleithrum;frequens;Sciadicleithrum.frequens;2;-25.75988889;-48.55169444
302;1;Geophagus.iporangensis;I;11;I11;Monogenea;Sciadicleithrum;frequens;Sciadicleithrum.frequens;40;-25.75988889;-48.55169444
303;1;Geophagus.iporangensis;I;12;I12;Monogenea;Sciadicleithrum;frequens;Sciadicleithrum.frequens;23;-25.75988889;-48.55169444
304;1;Geophagus.iporangensis;I;13;I13;Monogenea;Sciadicleithrum;frequens;Sciadicleithrum.frequens;4;-25.75988889;-48.55169444
305;1;Geophagus.iporangensis;I;14;I14;Monogenea;Sciadicleithrum;frequens;Sciadicleithrum.frequens;18;-25.75988889;-48.55169444
306;4;Geophagus.iporangensis;I;24;I24;Monogenea;Sciadicleithrum;frequens;Sciadicleithrum.frequens;4;-25.61238889;-48.49030556
307;2;Geophagus.iporangensis;I;44;I44;Monogenea;Sciadicleithrum;frequens;Sciadicleithrum.frequens;3;-25.6985;-48.52830556
308;3;Geophagus.iporangensis;G;69;G69;Monogenea;Sciadicleithrum;sp;Sciadicleithrum.sp;11;-25.65230556;-48.50119444
309;2;Geophagus.iporangensis;G;85;G85;Monogenea;Sciadicleithrum;sp;Sciadicleithrum.sp;3;-25.6985;-48.52830556
310;3;Geophagus.iporangensis;G;97;G97;Monogenea;Sciadicleithrum;sp;Sciadicleithrum.sp;9;-25.65230556;-48.50119444
311;3;Geophagus.iporangensis;G;100;G100;Monogenea;Sciadicleithrum;sp;Sciadicleithrum.sp;4;-25.65230556;-48.50119444
312;2;Geophagus.iporangensis;G;123;G123;Monogenea;Sciadicleithrum;sp;Sciadicleithrum.sp;14;-25.6985;-48.52830556
314;2;Geophagus.iporangensis;G;4;G4;Copepoda;Therodamas;elongatus;Therodamas.elongatus;1;-25.6985;-48.52830556
315;2;Geophagus.iporangensis;G;6;G6;Copepoda;Therodamas;elongatus;Therodamas.elongatus;2;-25.6985;-48.52830556
316;4;Geophagus.iporangensis;G;23;G23;Copepoda;Therodamas;elongatus;Therodamas.elongatus;7;-25.61238889;-48.49030556
317;4;Geophagus.iporangensis;G;24;G24;Copepoda;Therodamas;elongatus;Therodamas.elongatus;2;-25.61238889;-48.49030556
318;4;Geophagus.iporangensis;G;59;G59;Copepoda;Therodamas;elongatus;Therodamas.elongatus;11;-25.61238889;-48.49030556
319;3;Geophagus.iporangensis;G;61;G61;Copepoda;Therodamas;elongatus;Therodamas.elongatus;13;-25.65230556;-48.50119444
320;3;Geophagus.iporangensis;G;62;G62;Copepoda;Therodamas;elongatus;Therodamas.elongatus;10;-25.65230556;-48.50119444
321;3;Geophagus.iporangensis;G;69;G69;Copepoda;Therodamas;elongatus;Therodamas.elongatus;2;-25.65230556;-48.50119444
322;3;Geophagus.iporangensis;G;75;G75;Copepoda;Therodamas;elongatus;Therodamas.elongatus;2;-25.65230556;-48.50119444
323;3;Geophagus.iporangensis;G;76;G76;Copepoda;Therodamas;elongatus;Therodamas.elongatus;3;-25.65230556;-48.50119444
324;4;Geophagus.iporangensis;G;187;G187;Copepoda;Therodamas;elongatus;Therodamas.elongatus;17;-25.61238889;-48.49030556
325;4;Mugil.curema;G;19;G19;Copepoda;Therodamas;frontalis;Therodamas.frontalis;4;-25.61238889;-48.49030556
326;4;Mugil.curema;G;20;G20;Copepoda;Therodamas;frontalis;Therodamas.frontalis;12;-25.61238889;-48.49030556
327;4;Mugil.curema;G;22;G22;Copepoda;Therodamas;frontalis;Therodamas.frontalis;19;-25.61238889;-48.49030556
328;3;Genidens.barbus;G;79;G79;Copepoda;Therodamas;sp;Therodamas.sp;1;-25.65230556;-48.50119444
329;2;Hoplias.malabaricus;I;29;I29;Digenea;Thometrema;overstreeti;Thometrema.overstreeti;1;-25.6985;-48.52830556
330;2;Hoplias.malabaricus;G;13;G13;Monogenea;Urocleidoides;brasiliensis;Urocleidoides.brasiliensis;1;-25.6985;-48.52830556
331;1;Hoplias.malabaricus;G;82;G82;Monogenea;Urocleidoides;brasiliensis;Urocleidoides.brasiliensis;9;-25.75988889;-48.55169444
332;1;Hoplias.malabaricus;G;83;G83;Monogenea;Urocleidoides;brasiliensis;Urocleidoides.brasiliensis;1;-25.75988889;-48.55169444
333;1;Hoplias.malabaricus;G;84;G84;Monogenea;Urocleidoides;brasiliensis;Urocleidoides.brasiliensis;5;-25.75988889;-48.55169444
334;1;Hoplias.malabaricus;G;87;G87;Monogenea;Urocleidoides;brasiliensis;Urocleidoides.brasiliensis;4;-25.75988889;-48.55169444
335;1;Hoplias.malabaricus;G;88;G88;Monogenea;Urocleidoides;brasiliensis;Urocleidoides.brasiliensis;1;-25.75988889;-48.55169444
336;1;Hoplias.malabaricus;G;89;G89;Monogenea;Urocleidoides;brasiliensis;Urocleidoides.brasiliensis;2;-25.75988889;-48.55169444
337;1;Hoplias.malabaricus;G;91;G91;Monogenea;Urocleidoides;brasiliensis;Urocleidoides.brasiliensis;7;-25.75988889;-48.55169444
338;3;Hoplias.malabaricus;G;102;G102;Monogenea;Urocleidoides;brasiliensis;Urocleidoides.brasiliensis;2;-25.65230556;-48.50119444
339;4;Hoplias.malabaricus;G;113;G113;Monogenea;Urocleidoides;brasiliensis;Urocleidoides.brasiliensis;3;-25.61238889;-48.49030556
340;2;Hoplias.malabaricus;I;32;I32;Monogenea;Urocleidoides;brasiliensis;Urocleidoides.brasiliensis;1;-25.6985;-48.52830556
341;2;Hoplias.malabaricus;I;33;I33;Monogenea;Urocleidoides;brasiliensis;Urocleidoides.brasiliensis;2;-25.6985;-48.52830556
342;2;Hoplias.malabaricus;I;34;I34;Monogenea;Urocleidoides;brasiliensis;Urocleidoides.brasiliensis;3;-25.6985;-48.52830556
343;3;Hoplias.malabaricus;G;65;G65;Monogenea;Urocleidoides;cuiabai;Urocleidoides.cuiabai;5;-25.65230556;-48.50119444
344;1;Hoplias.malabaricus;G;80;G80;Monogenea;Urocleidoides;cuiabai;Urocleidoides.cuiabai;2;-25.75988889;-48.55169444
345;1;Hoplias.malabaricus;G;82;G82;Monogenea;Urocleidoides;cuiabai;Urocleidoides.cuiabai;3;-25.75988889;-48.55169444
346;1;Hoplias.malabaricus;G;83;G83;Monogenea;Urocleidoides;cuiabai;Urocleidoides.cuiabai;1;-25.75988889;-48.55169444
347;1;Hoplias.malabaricus;G;84;G84;Monogenea;Urocleidoides;cuiabai;Urocleidoides.cuiabai;1;-25.75988889;-48.55169444
348;1;Hoplias.malabaricus;G;87;G87;Monogenea;Urocleidoides;cuiabai;Urocleidoides.cuiabai;10;-25.75988889;-48.55169444
349;1;Hoplias.malabaricus;G;88;G88;Monogenea;Urocleidoides;cuiabai;Urocleidoides.cuiabai;7;-25.75988889;-48.55169444
350;1;Hoplias.malabaricus;G;89;G89;Monogenea;Urocleidoides;cuiabai;Urocleidoides.cuiabai;4;-25.75988889;-48.55169444
351;1;Hoplias.malabaricus;G;91;G91;Monogenea;Urocleidoides;cuiabai;Urocleidoides.cuiabai;9;-25.75988889;-48.55169444
352;3;Hoplias.malabaricus;G;101;G101;Monogenea;Urocleidoides;cuiabai;Urocleidoides.cuiabai;1;-25.65230556;-48.50119444
353;1;Geophagus.iporangensis;G;212;G212;Monogenea;Urocleidoides;cuiabai;Urocleidoides.cuiabai;1;-25.75988889;-48.55169444
354;1;Hoplias.malabaricus;G;81;G81;Monogenea;Urocleidoides;malabaricusi;Urocleidoides.malabaricusi;4;-25.75988889;-48.55169444
355;1;Hoplias.malabaricus;G;88;G88;Monogenea;Urocleidoides;malabaricusi;Urocleidoides.malabaricusi;1;-25.75988889;-48.55169444
356;2;Hoplias.malabaricus;G;3;G3;Monogenea;Urocleidoides;sp;Urocleidoides.sp;1;-25.6985;-48.52830556
357;2;Hoplias.malabaricus;G;8;G8;Monogenea;Urocleidoides;sp;Urocleidoides.sp;2;-25.6985;-48.52830556
358;2;Hoplias.malabaricus;G;16;G16;Monogenea;Urocleidoides;sp;Urocleidoides.sp;1;-25.6985;-48.52830556
359;3;Hoplias.malabaricus;G;73;G73;Monogenea;Urocleidoides;sp;Urocleidoides.sp;1;-25.65230556;-48.50119444
360;3;Hoplias.malabaricus;G;74;G74;Monogenea;Urocleidoides;sp;Urocleidoides.sp;3;-25.65230556;-48.50119444
361;4;Hoplias.malabaricus;I;3;I3;Monogenea;Urocleidoides;sp;Urocleidoides.sp;1;-25.61238889;-48.49030556
18;2;Rhamdia.quelen;G;2;G2;Monogenea;Vancleaveus;sp;Vancleaveus.sp;31;-25.6985;-48.52830556
19;2;Rhamdia.quelen;G;14;G14;Monogenea;Vancleaveus;sp;Vancleaveus.sp;35;-25.6985;-48.52830556
20;3;Rhamdia.quelen;G;68;G68;Monogenea;Vancleaveus;sp;Vancleaveus.sp;151;-25.65230556;-48.50119444
21;1;Rhamdia.quelen;G;95;G95;Monogenea;Vancleaveus;sp;Vancleaveus.sp;5;-25.75988889;-48.55169444
22;3;Rhamdia.quelen;G;96;G96;Monogenea;Vancleaveus;sp;Vancleaveus.sp;25;-25.65230556;-48.50119444
23;3;Rhamdia.quelen;G;99;G99;Monogenea;Vancleaveus;sp;Vancleaveus.sp;5;-25.65230556;-48.50119444
24;2;Rhamdia.quelen;G;200;G200;Monogenea;Vancleaveus;sp;Vancleaveus.sp;12;-25.6985;-48.52830556
25;2;Rhamdia.quelen;I;38;I38;Monogenea;Vancleaveus;sp;Vancleaveus.sp;3;-25.6985;-48.52830556
26;2;Rhamdia.quelen;I;39;I39;Monogenea;Vancleaveus;sp;Vancleaveus.sp;2;-25.6985;-48.52830556
